"Gene","miRNA","miRBase","Experiment","SourceData","CancerType","CancerSubtype","ExperimentalDesign","logFC","AvgExpr","Tvalue","Pval","AdjPval","Bvalue","Species","ExpressionStatus"
"MIR193B","hsa-miR-193b","hsa-miR-193b-3p","EXP00558","GSE124678","larynx cancer","aryngeal squamous cell carcinoma","cancer vs normal",5.566740709,-1.491278305,4.0814615,0.000245905,0.004357585,-28.68309373,"Homo sapiens","UP"
"MIR375","hsa-miR-375","hsa-miR-375","EXP00274","GSE40807","thyroid cancer","","cancer vs normal",5.188237806,9.044484146,6.414591949,9.71e-09,5.37e-07,9.787538727,"Homo sapiens","UP"
"MIR202","hsa-miR-202","hsa-miR-202-3p","EXP00314","GSE77380","lung cancer","lung adenocarcinoma","cancer vs normal",4.760043248,-1.964748773,3.550067998,0.000600332,0.007516657,-0.637480846,"Homo sapiens","UP"
"MIR375","hsa-miR-375","hsa-miR-375","EXP00311","GSE74190","lung cancer","small cell lung cancer","cancer vs normal",4.701646074,4.810474629,11.29883181,3.8e-21,1.45e-19,37.46428735,"Homo sapiens","UP"
"MIR375","hsa-miR-375","hsa-miR-375","EXP00440","GSE70534","small intestinal neuroendocrine tumor","","cancer vs normal",4.626911787,12.40474978,7.620808474,2.49e-11,1.61e-09,15.44594775,"Homo sapiens","UP"
"MIR152","hsa-miR-152","hsa-miR-152-3p","EXP00509","GSE81137","cervical cancer","","cancer vs normal",4.511198303,5.112031495,6.405798563,3.77e-05,0.049985137,1.625680844,"Homo sapiens","UP"
"MIR375","hsa-miR-375","hsa-miR-375","EXP00494","GSE97070","thyroid cancer","medullary thyroid cancer","cancer vs normal",4.440019153,12.16343565,10.75022187,1.74e-09,3.17e-07,11.99992968,"Homo sapiens","UP"
"MIR375","hsa-miR-375","hsa-miR-375","EXP00518","GSE103317","small intestinal neuroendocrine tumor","","cancer vs normal",4.416598317,13.48036989,20.76031213,1.61e-27,1.37e-24,52.39120252,"Homo sapiens","UP"
"MIR375","hsa-miR-375","hsa-miR-375","EXP00740","GSE63511","thyroid cancer","papillary thyroid carcinoma","cancer vs normal",4.369002669,8.840495128,7.741411978,4.1e-08,1.09e-05,8.728933595,"Homo sapiens","UP"
"MIR375","hsa-miR-375","hsa-miR-375","EXP00704","GSE125961","colorectal cancer","","cancer vs normal",3.786630585,10.29282446,5.366619646,7.55e-05,0.001094605,1.67594708,"Homo sapiens","UP"
"MIR375","hsa-miR-375","hsa-miR-375","EXP00227","GSE29742","neuroendocrine neoplasia","","cancer vs normal",3.48822046,11.93176104,3.703200492,0.000514094,0.013274648,-0.481932592,"Homo sapiens","UP"
"MIR375","hsa-miR-375","hsa-miR-375","EXP00210","GSE19945","lung cancer","small cell lung cancer","cancer vs normal",3.478235651,2.854496105,3.330555897,0.001476685,0.007088088,-1.83685262,"Homo sapiens","UP"
"MIR150","hsa-miR-150","hsa-miR-150-5p","EXP00248","GSE41369","pancreatic cancer","pancreatic ductal adenocarcinoma","cancer vs normal",3.264016829,8.305141514,3.851892424,0.00097228,0.017185706,-0.833797495,"Homo sapiens","UP"
"MIR375","hsa-miR-375","hsa-miR-375","EXP00444","GSE78775","gastric cancer","","cancer vs normal",2.631352779,5.14318075,4.068404464,0.000153853,0.008267878,0.5423538,"Homo sapiens","UP"
"MIR375","hsa-miR-375","hsa-miR-375","EXP00193","GSE40525","breast cancer","Luminal","cancer vs normal",2.570174953,5.598863752,7.43566346,1.92e-11,5.34e-10,15.03948185,"Homo sapiens","UP"
"MIR375","hsa-miR-375","hsa-miR-375","EXP00194","GSE40525","breast cancer","ER positive","cancer vs normal",2.570174953,5.598863752,7.464470357,1.6e-11,4.45e-10,15.21859338,"Homo sapiens","UP"
"MIR375","hsa-miR-375","hsa-miR-375","EXP00196","GSE40525","breast cancer","PR positive","cancer vs normal",2.465312354,5.598863752,6.213649584,8.14e-09,1.55e-07,9.165142451,"Homo sapiens","UP"
"MIR202","hsa-miR-202","hsa-miR-202-3p","EXP00209","GSE19945","lung cancer","lung adenocarcinoma","cancer vs normal",2.431670471,-2.715619775,4.657967043,1.78e-05,0.000653865,2.741518196,"Homo sapiens","UP"
"MIR375","hsa-miR-375","hsa-miR-375","EXP00724","GSE117452","breast cancer","","cancer vs normal",2.42605985,9.91935916,3.596859779,0.000587106,0.001289181,-1.177047705,"Homo sapiens","UP"
"MIR375","hsa-miR-375","hsa-miR-375","EXP00352","TCGA_BRCA","breast cancer","breast invasive carcinoma","cancer vs normal",2.425643155,12.94056328,9.685798961,2.09e-21,2.54e-20,37.4352605,"Homo sapiens","UP"
"MIR193B","hsa-miR-193b","hsa-miR-193b-3p","EXP00058","GSE11016","kidney cancer","Oncocytoma","cancer vs normal",2.374235866,2.374235866,7.374713527,0.00076144,0.008190635,-0.073760217,"Homo sapiens","UP"
"MIR375","hsa-miR-375","hsa-miR-375","EXP00396","TCGA_THCA","thyroid cancer","thyroid carcinoma","cancer vs normal",2.35725164,11.4198522,6.968185216,8.88e-12,1.38e-10,15.77048613,"Homo sapiens","UP"
"MIR375","hsa-miR-375","hsa-miR-375","EXP00403","TCGA_PRAD","prostate cancer","prostate adenocarcinoma","cancer vs normal",2.337080661,16.25652226,14.07601704,1.31e-38,2.11e-36,76.84524838,"Homo sapiens","UP"
"MIR150","hsa-miR-150","hsa-miR-150-5p","EXP00039","GSE7842","breast cancer","HER2+","cancer vs normal",2.25197168,0.618711138,3.185064424,0.001848058,0.029945561,-1.518721072,"Homo sapiens","UP"
"MIR375","hsa-miR-375","hsa-miR-375","EXP00584","GSE143385","adrenocortical cancer","","cancer vs normal",2.18950272,-0.837044707,3.195249174,0.002656627,0.007594487,-2.331607313,"Homo sapiens","UP"
"MIR150","hsa-miR-150","hsa-miR-150-5p","EXP00040","GSE7842","breast cancer","Basal-like","cancer vs normal",2.170128064,0.618711138,3.788837695,0.000238975,0.00467709,0.28692273,"Homo sapiens","UP"
"MIR152","hsa-miR-152","hsa-miR-152-3p","EXP00471","GSE81873","ovarian cancer","epithelial ovarian cancer","cancer vs normal",2.153098035,7.287236026,2.450738595,0.019827314,0.045272367,-3.831036665,"Homo sapiens","UP"
"MIR375","hsa-miR-375","hsa-miR-375","EXP00190","GSE40525","breast cancer","","cancer vs normal",2.103768453,5.598863752,6.201397839,8.47e-09,8.03e-08,8.978270891,"Homo sapiens","UP"
"MIR375","hsa-miR-375","hsa-miR-375","EXP00386","TCGA_UCEC","endometrial cancer","uterine corpus endometrial carcinoma","cancer vs normal",2.049272842,11.74253732,4.291722488,2.08e-05,0.000168535,1.505194343,"Homo sapiens","UP"
"MIR375","hsa-miR-375","hsa-miR-375","EXP00259","GSE47841","ovarian cancer","clear cell ovarian carcinoma","cancer vs normal",2.012662074,2.600657672,3.123621109,0.00405918,0.040048157,-2.574126808,"Homo sapiens","UP"
"MIR375","hsa-miR-375","hsa-miR-375","EXP00108","GSE23022","prostate cancer","","cancer vs normal",2.011336124,3.792312151,4.701229207,2.91e-05,0.003882717,2.406835327,"Homo sapiens","UP"
"MIR375","hsa-miR-375","hsa-miR-375","EXP00638","E_MTAB_408","prostate cancer","","cancer vs normal",1.996056929,9.830261745,5.992238402,2.03e-07,8.09e-06,6.897994226,"Homo sapiens","UP"
"MIR202","hsa-miR-202","hsa-miR-202-3p","EXP00135","GSE25820","pancreatic cancer","","cancer vs normal",1.96314556,2.960722497,5.77834162,1.87e-05,0.000143038,2.806515976,"Homo sapiens","UP"
"MIR150","hsa-miR-150","hsa-miR-150-5p","EXP00036","GSE7842","breast cancer","ER negative","cancer vs normal",1.943856681,0.618711138,4.443235184,1.95e-05,0.000608866,2.537857708,"Homo sapiens","UP"
"MIR375","hsa-miR-375","hsa-miR-375","EXP00217","GSE45604","prostate cancer","","cancer vs normal",1.919425455,12.06048825,5.306479615,1.62e-06,0.000358216,5.010631329,"Homo sapiens","UP"
"MIR375","hsa-miR-375","hsa-miR-375","EXP00237","GSE45666","breast cancer","ER positive","cancer vs normal",1.845989341,7.075279913,3.020543704,0.003097159,0.005479589,-2.570373715,"Homo sapiens","UP"
"MIR375","hsa-miR-375","hsa-miR-375","EXP00239","GSE45666","breast cancer","PR positive","cancer vs normal",1.838916787,7.075279913,2.821895885,0.005608667,0.009267913,-3.095372099,"Homo sapiens","UP"
"MIR146B","hsa-miR-146b","hsa-miR-146b-5p","EXP00112","GSE24996","melanoma","","cancer vs normal",1.823837833,3.169361722,5.076736999,1.51e-05,0.000260158,2.75108464,"Homo sapiens","UP"
"MIR150","hsa-miR-150","hsa-miR-150-5p","EXP00213","GSE40744","hepatocellular carcinoma","","cancer vs normal",1.823162594,9.7763634,4.249681774,6.21e-05,0.001854159,1.448816511,"Homo sapiens","UP"
"MIR193B","hsa-miR-193b","hsa-miR-193b-3p","EXP00310","GSE74190","lung cancer","lung squamous cell carcinoma","cancer vs normal",1.661296041,4.039566414,6.321083174,3.67e-09,3.24e-08,10.08937433,"Homo sapiens","UP"
"MIR375","hsa-miR-375","hsa-miR-375","EXP00197","GSE40525","breast cancer","PR negative","cancer vs normal",1.648490947,5.598863752,3.850313079,0.000192583,0.000916035,-0.525879032,"Homo sapiens","UP"
"MIR193B","hsa-miR-193b","hsa-miR-193b-3p","EXP00287","GSE51853","lung cancer","large cell carcinoma","cancer vs normal",1.638184898,1.737992469,2.940370095,0.003903651,0.042149062,-3.063031164,"Homo sapiens","UP"
"MIR375","hsa-miR-375","hsa-miR-375","EXP00309","GSE74190","lung cancer","lung adenocarcinoma","cancer vs normal",1.622080735,4.810474629,4.953393051,2.18e-06,2.63e-05,4.042182877,"Homo sapiens","UP"
"MIR375","hsa-miR-375","hsa-miR-375","EXP00214","GSE33568","small intestinal neuroendocrine tumor","","cancer vs normal",1.529969893,12.05066633,8.858701784,1.03e-07,6.14e-05,8.010869013,"Homo sapiens","UP"
"MIR202","hsa-miR-202","hsa-miR-202-3p","EXP00632","E_MTAB_1067","ovarian cancer","","cancer vs normal",1.48962437,5.280853968,4.422973493,1.61e-05,0.000111771,2.463722904,"Homo sapiens","UP"
"MIR375","hsa-miR-375","hsa-miR-375","EXP00241","GSE45666","breast cancer","HER2+ positive","cancer vs normal",1.456883425,7.075279913,2.192137774,0.030345269,0.042896718,-4.65019195,"Homo sapiens","UP"
"MIR339","hsa-miR-339","hsa-miR-339-5p","EXP00056","GSE11016","kidney cancer","papillary renal cell carcinoma","cancer vs normal",1.408967112,1.408967112,3.552365673,0.012112704,0.025249018,-3.549632969,"Homo sapiens","UP"
"MIR193B","hsa-miR-193b","hsa-miR-193b-3p","EXP00074","GSE16025","lung cancer","lung squamous cell carcinoma","cancer vs normal",1.4089277,7.257186154,4.097725823,0.000110915,0.001254489,0.602104347,"Homo sapiens","UP"
"MIR193B","hsa-miR-193b","hsa-miR-193b-3p","EXP00291","GSE56183","chordoma","","cancer vs normal",1.391719859,5.251630419,11.77024752,1.42e-05,0.00068404,3.734377053,"Homo sapiens","UP"
"MIR202","hsa-miR-202","hsa-miR-202-3p","EXP00250","GSE43796","pancreatic cancer","Solid-pseudopapillary neoplasm of pancreas","cancer vs normal",1.343390248,7.231488171,4.134779098,0.000294708,0.003414642,0.022213441,"Homo sapiens","UP"
"MIR375","hsa-miR-375","hsa-miR-375","EXP00639","E_MTAB_408","prostate cancer","castration-resistant prostate cancer","cancer vs normal",1.318397033,9.830261745,3.471288432,0.001056282,0.007674209,-1.23633062,"Homo sapiens","UP"
"MIR193B","hsa-miR-193b","hsa-miR-193b-3p","EXP00587","GSE158284","brain cancer","glioblastoma","cancer vs normal",1.282459139,6.089639798,2.707508608,0.009441216,0.028078423,-3.102232558,"Homo sapiens","UP"
"MIR152","hsa-miR-152","hsa-miR-152-3p","EXP00562","GSE138764","brain cancer","astrocytoma","cancer vs normal",1.158322668,5.380683443,3.891366942,0.000340822,0.00246161,-0.259134308,"Homo sapiens","UP"
"MIR375","hsa-miR-375","hsa-miR-375","EXP00212","GSE36802","prostate cancer","","cancer vs normal",1.155208963,10.43456241,5.836402832,4.9e-07,5.85e-05,6.173863874,"Homo sapiens","UP"
"MIR150","hsa-miR-150","hsa-miR-150-5p","EXP00056","GSE11016","kidney cancer","papillary renal cell carcinoma","cancer vs normal",1.126759358,1.126759358,4.58431773,0.003788951,0.009192865,-2.264633032,"Homo sapiens","UP"
"MIR339","hsa-miR-339","hsa-miR-339-5p","EXP00112","GSE24996","melanoma","","cancer vs normal",1.124527735,4.045823661,3.404399566,0.001772024,0.010975189,-1.857041943,"Homo sapiens","UP"
"MIR339","hsa-miR-339","hsa-miR-339-5p","EXP00272","GSE31277","head and neck cancer","","cancer vs normal",1.104951344,11.42654316,4.998174849,2.45e-05,0.00088484,2.544463811,"Homo sapiens","UP"
"MIR150","hsa-miR-150","hsa-miR-150-5p","EXP00560","GSE137865","oral squamous cell carcinoma","","cancer vs normal",1.064832918,5.330145367,4.15970567,0.000520665,0.007209204,-0.27157618,"Homo sapiens","UP"
"MIR152","hsa-miR-152","hsa-miR-152-3p","EXP00175","GSE33743","gastric cancer","","cancer vs normal",1.06404112,9.073653197,4.806461597,2e-05,0.000740519,2.175910629,"Homo sapiens","UP"
"MIR152","hsa-miR-152","hsa-miR-152-3p","EXP00276","GSE41032","brain cancer","glioma","cancer vs normal",1.046677977,7.727060157,10.5086205,6.99e-05,0.004459515,2.431217776,"Homo sapiens","UP"
"MIR375","hsa-miR-375","hsa-miR-375","EXP00101","GSE21036","prostate cancer","","cancer vs normal",1.032979034,11.45333185,3.892222648,0.000151798,0.000832657,0.482177312,"Homo sapiens","UP"
"MIR152","hsa-miR-152","hsa-miR-152-3p","EXP00310","GSE74190","lung cancer","lung squamous cell carcinoma","cancer vs normal",1.028175378,1.942308707,4.208824844,4.7e-05,0.000242946,0.911461765,"Homo sapiens","UP"
"MIR193B","hsa-miR-193b","hsa-miR-193b-3p","EXP00071","GSE16025","lung cancer","lung squamous cell carcinoma","cancer vs normal",1.01794208,7.257186154,3.675770615,0.000454126,0.00236434,-0.877849874,"Homo sapiens","UP"
"MIR375","hsa-miR-375","hsa-miR-375","EXP00374","TCGA_LUAD","lung cancer","lung adenocarcinoma","cancer vs normal",1.000654682,13.86952927,3.56889157,0.000389365,0.001156073,-1.396473035,"Homo sapiens","UP"
"MIR152","hsa-miR-152","hsa-miR-152-3p","EXP00206","GSE33232","head and neck cancer","","cancer vs normal",0.990202064,5.815196865,4.095735622,0.000110794,0.001843667,0.950147951,"Homo sapiens","UP"
"MIR152","hsa-miR-152","hsa-miR-152-3p","EXP00134","GSE25820","pancreatic cancer","","cancer vs normal",0.987642921,5.409081648,3.507104948,0.002556724,0.009816594,-2.002611462,"Homo sapiens","UP"
"MIR202","hsa-miR-202","hsa-miR-202-3p","EXP00140","GSE30454","colorectal cancer","","cancer vs normal",0.981268139,5.577790045,4.342577969,4.37e-05,0.000251948,1.552147039,"Homo sapiens","UP"
"MIR202","hsa-miR-202","hsa-miR-202-3p","EXP00134","GSE25820","pancreatic cancer","","cancer vs normal",0.976593565,2.960722497,2.87451494,0.010178603,0.03025307,-3.3332379,"Homo sapiens","UP"
"MIR339","hsa-miR-339","hsa-miR-339-5p","EXP00160","GSE28955","pancreatic cancer","","cancer vs normal",0.974804805,5.857105322,4.320795588,0.000238258,0.001010212,-0.036509939,"Homo sapiens","UP"
"MIR193B","hsa-miR-193b","hsa-miR-193b-3p","EXP00072","GSE16025","lung cancer","lung squamous cell carcinoma","cancer vs normal",0.930642387,7.257186154,3.251693992,0.001768087,0.007435033,-2.108971195,"Homo sapiens","UP"
"MIR193B","hsa-miR-193b","hsa-miR-193b-3p","EXP00299","GSE63805","lung cancer","lung adenocarcinoma","cancer vs normal",0.912481337,6.565118456,5.563292999,4.67e-07,1.72e-05,5.907017842,"Homo sapiens","UP"
"MIR339","hsa-miR-339","hsa-miR-339-5p","EXP00062","GSE12105","kidney cancer","clear cell renal cell carcinoma","cancer vs normal",0.881210744,6.863350045,4.893354819,4.84e-05,0.000451955,1.879539351,"Homo sapiens","UP"
"MIR152","hsa-miR-152","hsa-miR-152-3p","EXP00135","GSE25820","pancreatic cancer","","cancer vs normal",0.876630156,5.409081648,3.112900315,0.00607676,0.015121239,-2.924690694,"Homo sapiens","UP"
"MIR193B","hsa-miR-193b","hsa-miR-193b-3p","EXP00311","GSE74190","lung cancer","small cell lung cancer","cancer vs normal",0.876268909,4.039566414,2.764373067,0.006516684,0.02181279,-3.531305664,"Homo sapiens","UP"
"MIR202","hsa-miR-202","hsa-miR-202-3p","EXP00163","GSE36682","nasopharyngeal cancer","","cancer vs normal",0.863328885,10.3592631,5.948685067,1e-07,2.3e-06,6.668090928,"Homo sapiens","UP"
"MIR375","hsa-miR-375","hsa-miR-375","EXP00157","GSE31045","sarcoma","liposarcoma","cancer vs normal",0.849278476,-2.202887562,3.678404577,0.001222602,0.01417879,-2.386330312,"Homo sapiens","UP"
"MIR152","hsa-miR-152","hsa-miR-152-3p","EXP00460","GSE93415","gastric cancer","","cancer vs normal",0.838217188,-0.226877344,5.603691989,1.53e-06,1.42e-05,4.878074829,"Homo sapiens","UP"
"MIR375","hsa-miR-375","hsa-miR-375","EXP00493","GSE57897","breast cancer","","cancer vs normal",0.829525406,9.090392604,5.354321335,1.36e-07,9.84e-07,6.40796947,"Homo sapiens","UP"
"MIR193B","hsa-miR-193b","hsa-miR-193b-3p","EXP00206","GSE33232","head and neck cancer","","cancer vs normal",0.820314182,5.794851452,4.40963534,3.64e-05,0.00077507,1.996751712,"Homo sapiens","UP"
"MIR152","hsa-miR-152","hsa-miR-152-3p","EXP00074","GSE16025","lung cancer","lung squamous cell carcinoma","cancer vs normal",0.806694331,5.779122565,3.972514326,0.00017083,0.001648002,0.191145515,"Homo sapiens","UP"
"MIR146B","hsa-miR-146b","hsa-miR-146b-5p","EXP00031","GSE6188","esophageal cancer","","cancer vs normal",0.801378773,11.70488072,8.081360535,2.38e-14,2.91e-13,21.63769991,"Homo sapiens","UP"
"MIR339","hsa-miR-339","hsa-miR-339-5p","EXP00233","GSE47582","kidney cancer","clear cell renal cell carcinoma","cancer vs normal",0.786286982,5.936849112,5.40582396,9.88e-06,0.000203314,3.206342318,"Homo sapiens","UP"
"MIR193B","hsa-miR-193b","hsa-miR-193b-3p","EXP00309","GSE74190","lung cancer","lung adenocarcinoma","cancer vs normal",0.748749409,4.039566414,3.001528397,0.003211338,0.020917091,-2.867131987,"Homo sapiens","UP"
"MIR202","hsa-miR-202","hsa-miR-202-3p","EXP00187","GSE41282","kidney cancer","renal cell carcinoma","cancer vs normal",0.738742104,0.938797758,4.118645131,0.000211518,0.009713542,0.576683613,"Homo sapiens","UP"
"MIR193B","hsa-miR-193b","hsa-miR-193b-3p","EXP00070","GSE15008","lung cancer","","cancer vs normal",0.711398338,10.92038006,5.930458838,6.81e-09,4.29e-08,9.378446451,"Homo sapiens","UP"
"MIR150","hsa-miR-150","hsa-miR-150-5p","EXP00101","GSE21036","prostate cancer","","cancer vs normal",0.694449701,8.27279176,2.751151557,0.006707247,0.019360612,-2.990736085,"Homo sapiens","UP"
"MIR24-1","hsa-miR-24-1",NA,"EXP00030","GSE5244","uterus cancer","","cancer vs normal",0.68745098,0.68745098,4.272392933,7.82e-05,0.000209143,0.045817106,"Homo sapiens","UP"
"MIR339","hsa-miR-339","hsa-miR-339-5p","EXP00075","GSE16456","esophageal cancer","","cancer vs normal",0.619104652,4.52946376,2.694531846,0.011576235,0.035059453,-3.261701318,"Homo sapiens","UP"
"MIR193B","hsa-miR-193b","hsa-miR-193b-3p","EXP00281","GSE45238","oral squamous cell carcinoma","","cancer vs normal",0.579434915,12.70972809,6.825259154,1.52e-09,1.86e-08,11.25130646,"Homo sapiens","UP"
"MIR193B","hsa-miR-193b","hsa-miR-193b-3p","EXP00117","GSE21362","hepatocellular carcinoma","","cancer vs normal",0.566110665,8.629629647,3.797926031,0.000210798,0.002506153,0.033956295,"Homo sapiens","UP"
"MIR152","hsa-miR-152","hsa-miR-152-3p","EXP00296","GSE60978","pancreatic cancer","","cancer vs normal",0.56473863,6.978608312,2.962883191,0.003929931,0.027215899,-2.215888929,"Homo sapiens","UP"
"MIR339","hsa-miR-339","hsa-miR-339-5p","EXP00074","GSE16025","lung cancer","lung squamous cell carcinoma","cancer vs normal",0.56055554,5.505334041,2.870589724,0.005418975,0.019749153,-3.039865942,"Homo sapiens","UP"
"MIR375","hsa-miR-375","hsa-miR-375","EXP00302","GSE66274","esophageal cancer","","cancer vs normal",0.537749805,3.666159939,5.000891097,5.39e-06,0.000375575,3.869219798,"Homo sapiens","UP"
"MIR152","hsa-miR-152","hsa-miR-152-3p","EXP00071","GSE16025","lung cancer","lung squamous cell carcinoma","cancer vs normal",0.521654297,5.779122565,3.139618603,0.002455699,0.008660959,-2.4591888,"Homo sapiens","UP"
"MIR152","hsa-miR-152","hsa-miR-152-3p","EXP00297","GSE61438","breast cancer","","cancer vs normal",-0.511057079,12.73963974,-3.158894575,0.00234057,0.013437849,-2.028965588,"Homo sapiens","DOWN"
"MIR339","hsa-miR-339","hsa-miR-339-5p","EXP00312","GSE75630","tonsil cancer","","cancer vs normal",-0.513573503,-0.767280914,-5.711933551,6.87e-07,7.44e-06,5.641623815,"Homo sapiens","DOWN"
"MIR152","hsa-miR-152","hsa-miR-152-3p","EXP00101","GSE21036","prostate cancer","","cancer vs normal",-0.541398532,7.133342384,-4.296370265,3.19e-05,0.000224493,1.94549907,"Homo sapiens","DOWN"
"MIR152","hsa-miR-152","hsa-miR-152-3p","EXP00065","GSE13030","brain cancer","glioblastoma ","cancer vs normal",-0.553036344,-0.553036344,-2.206217994,0.029786429,0.045825276,-5.349472037,"Homo sapiens","DOWN"
"MIR150","hsa-miR-150","hsa-miR-150-5p","EXP00081","GSE6857","hepatocellular carcinoma","","cancer vs normal",-0.580040824,10.73195646,-8.849327617,1.64e-17,5.49e-17,27.7443813,"Homo sapiens","DOWN"
"MIR152","hsa-miR-152","hsa-miR-152-3p","EXP00573","GSE135918","lung cancer","lung adenocarcinoma","cancer vs normal",-0.591947305,0.585597582,-3.595403667,0.006333627,0.030421802,-2.547925624,"Homo sapiens","DOWN"
"MIR152","hsa-miR-152","hsa-miR-152-3p","EXP00492","GSE108153","colorectal cancer","","cancer vs normal",-0.630208264,5.163872452,-3.260655012,0.00223798,0.020863415,-1.778221151,"Homo sapiens","DOWN"
"MIR202","hsa-miR-202","hsa-miR-202-3p","EXP00518","GSE103317","small intestinal neuroendocrine tumor","","cancer vs normal",-0.644557802,4.543840799,-2.91489544,0.005157265,0.021834986,-3.34937318,"Homo sapiens","DOWN"
"MIR150","hsa-miR-150","hsa-miR-150-5p","EXP00093","GSE18392","colon cancer","","cancer vs normal",-0.648097131,15.02283222,-5.734827479,5.66e-08,6.25e-07,7.680767271,"Homo sapiens","DOWN"
"MIR152","hsa-miR-152","hsa-miR-152-3p","EXP00242","GSE45666","breast cancer","HER3+ negative","cancer vs normal",-0.665023555,5.181313753,-2.336956941,0.021138247,0.035202834,-4.333314053,"Homo sapiens","DOWN"
"MIR193B","hsa-miR-193b","hsa-miR-193b-3p","EXP00639","E_MTAB_408","prostate cancer","castration-resistant prostate cancer","cancer vs normal",-0.701965085,7.15129945,-2.791479078,0.007340466,0.035076587,-3.021898087,"Homo sapiens","DOWN"
"MIR152","hsa-miR-152","hsa-miR-152-3p","EXP00289","GSE53870","biliary tract cancer","cholangiocarcinoma","cancer vs normal",-0.704319467,9.858649788,-4.477704799,2.73e-05,0.000181873,1.963072296,"Homo sapiens","DOWN"
"MIR152","hsa-miR-152","hsa-miR-152-3p","EXP00217","GSE45604","prostate cancer","","cancer vs normal",-0.712942289,9.439038263,-3.985941992,0.000181002,0.007489449,0.62299479,"Homo sapiens","DOWN"
"MIR152","hsa-miR-152","hsa-miR-152-3p","EXP00240","GSE45666","breast cancer","PR negative","cancer vs normal",-0.713139689,5.181313753,-2.487513785,0.014269062,0.024334613,-4.086200225,"Homo sapiens","DOWN"
"MIR375","hsa-miR-375","hsa-miR-375","EXP00167","GSE30656","cervical cancer","cervical squamous cell carcinoma","cancer vs normal",-0.716133503,5.904973849,-4.339289224,7.76e-05,0.001371177,1.023487267,"Homo sapiens","DOWN"
"MIR152","hsa-miR-152","hsa-miR-152-3p","EXP00054","GSE11016","kidney cancer","Wilms tumor","cancer vs normal",-0.726104321,-0.726104321,-2.440724871,0.027855765,0.040025759,-4.625842384,"Homo sapiens","DOWN"
"MIR193B","hsa-miR-193b","hsa-miR-193b-3p","EXP00131","GSE23739","gastric cancer","","cancer vs normal",-0.738341862,4.586836045,-4.906282808,4.45e-06,2.5e-05,3.719274277,"Homo sapiens","DOWN"
"MIR202","hsa-miR-202","hsa-miR-202-3p","EXP00248","GSE41369","pancreatic cancer","pancreatic ductal adenocarcinoma","cancer vs normal",-0.738549835,3.437022191,-3.303809055,0.003492533,0.033589947,-2.050209045,"Homo sapiens","DOWN"
"MIR152","hsa-miR-152","hsa-miR-152-3p","EXP00802","GSE114110","esophageal cancer","esophageal squamous cell carcinomas","cancer vs normal",-0.73924823,-0.608103085,-2.752926071,0.008851,0.028072201,-3.608717526,"Homo sapiens","DOWN"
"MIR375","hsa-miR-375","hsa-miR-375","EXP00100","GSE22058","hepatocellular carcinoma","","cancer vs normal",-0.76351913,-0.193822466,-9.015149868,1.88e-16,1.33e-15,26.10712608,"Homo sapiens","DOWN"
"MIR193B","hsa-miR-193b","hsa-miR-193b-3p","EXP00167","GSE30656","cervical cancer","cervical squamous cell carcinoma","cancer vs normal",-0.77308319,6.770324844,-3.789439521,0.000437699,0.004082778,-0.634518506,"Homo sapiens","DOWN"
"MIR150","hsa-miR-150","hsa-miR-150-5p","EXP00071","GSE16025","lung cancer","lung squamous cell carcinoma","cancer vs normal",-0.786515583,7.064103372,-2.551649563,0.012851269,0.03319068,-3.971162935,"Homo sapiens","DOWN"
"MIR202","hsa-miR-202","hsa-miR-202-3p","EXP00466","GSE95385","kidney cancer","renal cell carcinoma","cancer vs normal",-0.793453381,6.610847563,-6.696789831,0.000269466,0.011050007,0.743332453,"Homo sapiens","DOWN"
"MIR152","hsa-miR-152","hsa-miR-152-3p","EXP00236","GSE45666","breast cancer","","cancer vs normal",-0.79896889,5.181313753,-2.871619242,0.004834464,0.008396181,-3.064751648,"Homo sapiens","DOWN"
"MIR152","hsa-miR-152","hsa-miR-152-3p","EXP00237","GSE45666","breast cancer","ER positive","cancer vs normal",-0.801891299,5.181313753,-2.65279441,0.009087707,0.014619354,-3.545428358,"Homo sapiens","DOWN"
"MIR152","hsa-miR-152","hsa-miR-152-3p","EXP00238","GSE45666","breast cancer","ER negative","cancer vs normal",-0.810364354,5.181313753,-2.756975639,0.006767016,0.012712429,-3.469223533,"Homo sapiens","DOWN"
"MIR193B","hsa-miR-193b","hsa-miR-193b-3p","EXP00195","GSE40525","breast cancer","ER negative","cancer vs normal",-0.838666142,8.221951876,-2.746173224,0.006979547,0.025357853,-3.632925125,"Homo sapiens","DOWN"
"MIR152","hsa-miR-152","hsa-miR-152-3p","EXP00212","GSE36802","prostate cancer","","cancer vs normal",-0.840767598,8.550191354,-5.412532081,2.11e-06,0.00011457,4.777732409,"Homo sapiens","DOWN"
"MIR152","hsa-miR-152","hsa-miR-152-3p","EXP00494","GSE97070","thyroid cancer","medullary thyroid cancer","cancer vs normal",-0.848968895,8.762497112,-7.987778921,1.79e-07,1.8e-05,7.326804893,"Homo sapiens","DOWN"
"MIR152","hsa-miR-152","hsa-miR-152-3p","EXP00273","GSE38167","breast cancer","","cancer vs normal",-0.849853786,3.833098582,-3.01315236,0.003590207,0.010502561,-2.726813755,"Homo sapiens","DOWN"
"MIR152","hsa-miR-152","hsa-miR-152-3p","EXP00163","GSE36682","nasopharyngeal cancer","","cancer vs normal",-0.85825628,9.588332026,-3.861715543,0.000250785,0.001499555,-0.957075746,"Homo sapiens","DOWN"
"MIR152","hsa-miR-152","hsa-miR-152-3p","EXP00277","GSE41655","colorectal cancer","","cancer vs normal",-0.897032578,0.322421444,-5.671715449,1.25e-07,2.67e-06,7.052739748,"Homo sapiens","DOWN"
"MIR202","hsa-miR-202","hsa-miR-202-3p","EXP00075","GSE16456","esophageal cancer","","cancer vs normal",-0.911551005,5.964259707,-2.985308519,0.005687953,0.020554194,-2.610454508,"Homo sapiens","DOWN"
"MIR202","hsa-miR-202","hsa-miR-202-3p","EXP00071","GSE16025","lung cancer","lung squamous cell carcinoma","cancer vs normal",-0.912622549,7.579742035,-2.925312213,0.00460316,0.014517658,-3.038918749,"Homo sapiens","DOWN"
"MIR202","hsa-miR-202","hsa-miR-202-3p","EXP00072","GSE16025","lung cancer","lung squamous cell carcinoma","cancer vs normal",-0.929553034,7.579742035,-2.865492782,0.005497493,0.017338246,-3.156524193,"Homo sapiens","DOWN"
"MIR150","hsa-miR-150","hsa-miR-150-5p","EXP00070","GSE15008","lung cancer","","cancer vs normal",-0.929719828,12.84304352,-7.86863847,3.79e-14,4.52e-13,21.22151172,"Homo sapiens","DOWN"
"MIR150","hsa-miR-150","hsa-miR-150-5p","EXP00253","GSE35834","colon cancer","","cancer vs normal",-0.9310567,4.986439427,-4.57100422,1.79e-05,0.000296976,2.48348051,"Homo sapiens","DOWN"
"MIR152","hsa-miR-152","hsa-miR-152-3p","EXP00260","GSE47841","ovarian cancer","high-grade serous ovarian carcinoma","cancer vs normal",-0.93957537,8.518790611,-2.9571868,0.006154882,0.031794486,-3.097858461,"Homo sapiens","DOWN"
"MIR202","hsa-miR-202","hsa-miR-202-3p","EXP00210","GSE19945","lung cancer","small cell lung cancer","cancer vs normal",-0.940458113,-2.715619775,-2.815085368,0.006561845,0.024918398,-3.215460252,"Homo sapiens","DOWN"
"MIR375","hsa-miR-375","hsa-miR-375","EXP00066","GSE13030","brain cancer","glioblastoma ","cancer vs normal",-0.959538013,-0.959538013,-2.639396784,0.010304757,0.026267028,-4.273250613,"Homo sapiens","DOWN"
"MIR152","hsa-miR-152","hsa-miR-152-3p","EXP00253","GSE35834","colon cancer","","cancer vs normal",-0.960293656,6.465548101,-3.323976028,0.001352932,0.012820637,-1.592978527,"Homo sapiens","DOWN"
"MIR202","hsa-miR-202","hsa-miR-202-3p","EXP00157","GSE31045","sarcoma","liposarcoma","cancer vs normal",-0.97605169,-0.972096196,-3.664409381,0.001265631,0.014476737,-2.420236718,"Homo sapiens","DOWN"
"MIR150","hsa-miR-150","hsa-miR-150-5p","EXP00566","GSE131790","ovarian cancer","high grade serous papillary ovarian cancer","cancer vs normal",-0.983629825,3.489708,-2.853503261,0.008308433,0.040565599,-3.067193921,"Homo sapiens","DOWN"
"MIR202","hsa-miR-202","hsa-miR-202-3p","EXP00311","GSE74190","lung cancer","small cell lung cancer","cancer vs normal",-0.985550939,1.195819338,-3.437810265,0.000784182,0.003296302,-1.58129653,"Homo sapiens","DOWN"
"MIR339","hsa-miR-339","hsa-miR-339-5p","EXP00566","GSE131790","ovarian cancer","high grade serous papillary ovarian cancer","cancer vs normal",-0.986408772,4.144196,-2.834960453,0.008684983,0.041151391,-3.108249838,"Homo sapiens","DOWN"
"MIR152","hsa-miR-152","hsa-miR-152-3p","EXP00239","GSE45666","breast cancer","PR positive","cancer vs normal",-0.996462479,5.181313753,-3.188289255,0.001835115,0.003402358,-2.074667256,"Homo sapiens","DOWN"
"MIR375","hsa-miR-375","hsa-miR-375","EXP00093","GSE18392","colon cancer","","cancer vs normal",-1.015603537,13.08068825,-4.234174216,4.1e-05,0.000207673,1.338163199,"Homo sapiens","DOWN"
"MIR375","hsa-miR-375","hsa-miR-375","EXP00163","GSE36682","nasopharyngeal cancer","","cancer vs normal",-1.048414799,8.948033385,-4.179991856,8.4e-05,0.000668902,0.092469812,"Homo sapiens","DOWN"
"MIR150","hsa-miR-150","hsa-miR-150-5p","EXP00136","GSE25820","pancreatic cancer","","cancer vs normal",-1.057604333,6.093678594,-2.530503689,0.021070843,0.040696394,-4.134912335,"Homo sapiens","DOWN"
"MIR150","hsa-miR-150","hsa-miR-150-5p","EXP00050","GSE10259","colorectal cancer","Duke C","cancer vs normal",-1.073124051,8.519114795,-2.788342119,0.006985898,0.039260746,-2.932606615,"Homo sapiens","DOWN"
"MIR193B","hsa-miR-193b","hsa-miR-193b-3p","EXP00466","GSE95385","kidney cancer","renal cell carcinoma","cancer vs normal",-1.074871702,6.824608282,-6.869214938,0.000230083,0.010814663,0.912843945,"Homo sapiens","DOWN"
"MIR152","hsa-miR-152","hsa-miR-152-3p","EXP00241","GSE45666","breast cancer","HER2+ positive","cancer vs normal",-1.081531363,5.181313753,-3.507234144,0.000642742,0.001283976,-1.156993856,"Homo sapiens","DOWN"
"MIR150","hsa-miR-150","hsa-miR-150-5p","EXP00023","GSE2564","uterus cancer","","cancer vs normal",-1.086969915,6.381983331,-3.54681758,0.00048096,0.004151442,-0.594261714,"Homo sapiens","DOWN"
"MIR193B","hsa-miR-193b","hsa-miR-193b-3p","EXP00191","GSE40525","breast cancer","Basal-like","cancer vs normal",-1.089778947,8.221951876,-2.817068491,0.00569518,0.025735097,-3.22405669,"Homo sapiens","DOWN"
"MIR202","hsa-miR-202","hsa-miR-202-3p","EXP00310","GSE74190","lung cancer","lung squamous cell carcinoma","cancer vs normal",-1.126237222,1.195819338,-4.738249541,5.48e-06,3.33e-05,2.975559431,"Homo sapiens","DOWN"
"MIR150","hsa-miR-150","hsa-miR-150-5p","EXP00074","GSE16025","lung cancer","lung squamous cell carcinoma","cancer vs normal",-1.126391408,7.064103372,-2.915673092,0.004768183,0.017976597,-2.922914953,"Homo sapiens","DOWN"
"MIR375","hsa-miR-375","hsa-miR-375","EXP00362","TCGA_KIRC","kidney cancer","kidney renal clear cell carcinoma","cancer vs normal",-1.139340593,4.941176296,-4.379829834,1.41e-05,7.91e-05,1.728940457,"Homo sapiens","DOWN"
"MIR152","hsa-miR-152","hsa-miR-152-3p","EXP00029","GSE4589","breast cancer","","cancer vs normal",-1.1412,-1.1412,-2.808662773,0.008733824,0.012186732,-3.341268151,"Homo sapiens","DOWN"
"MIR150","hsa-miR-150","hsa-miR-150-5p","EXP00311","GSE74190","lung cancer","small cell lung cancer","cancer vs normal",-1.146630966,5.869472139,-2.724570934,0.007308133,0.02412685,-3.634905547,"Homo sapiens","DOWN"
"MIR150","hsa-miR-150","hsa-miR-150-5p","EXP00065","GSE13030","brain cancer","glioblastoma ","cancer vs normal",-1.146696667,-1.146696667,-3.852594052,0.000212562,0.000921102,-0.790081915,"Homo sapiens","DOWN"
"MIR375","hsa-miR-375","hsa-miR-375","EXP00184","GSE38389","colorectal cancer","","cancer vs normal",-1.147740574,8.997742347,-13.6259879,2.08e-27,3.02e-25,51.72854583,"Homo sapiens","DOWN"
"MIR375","hsa-miR-375","hsa-miR-375","EXP00460","GSE93415","gastric cancer","","cancer vs normal",-1.149320625,-0.104835938,-3.668984263,0.00068802,0.002007106,-1.040221935,"Homo sapiens","DOWN"
"MIR202","hsa-miR-202","hsa-miR-202-3p","EXP00131","GSE23739","gastric cancer","","cancer vs normal",-1.1595497,3.658441649,-5.363921848,6.98e-07,5.18e-06,5.506042275,"Homo sapiens","DOWN"
"MIR150","hsa-miR-150","hsa-miR-150-5p","EXP00066","GSE13030","brain cancer","glioblastoma ","cancer vs normal",-1.167908333,-1.167908333,-3.432245896,0.001026401,0.004941929,-2.133384788,"Homo sapiens","DOWN"
"MIR202","hsa-miR-202","hsa-miR-202-3p","EXP00234","GSE40345","mesothelioma","malignant pleural mesothelioma","cancer vs normal",-1.174813733,7.430706117,-3.860351731,0.000535168,0.007302458,-0.49626779,"Homo sapiens","DOWN"
"MIR202","hsa-miR-202","hsa-miR-202-3p","EXP00074","GSE16025","lung cancer","lung squamous cell carcinoma","cancer vs normal",-1.187989108,7.579742035,-3.048350877,0.003248665,0.014375056,-2.570553612,"Homo sapiens","DOWN"
"MIR202","hsa-miR-202","hsa-miR-202-3p","EXP00196","GSE40525","breast cancer","PR positive","cancer vs normal",-1.223933011,8.701219982,-4.638928851,9.17e-06,7.4e-05,2.317070788,"Homo sapiens","DOWN"
"MIR152","hsa-miR-152","hsa-miR-152-3p","EXP00278","GSE41655","colorectal cancer","","cancer vs normal",-1.230725858,0.322421444,-8.379948283,2.53e-13,1.65e-11,19.80126619,"Homo sapiens","DOWN"
"MIR193B","hsa-miR-193b","hsa-miR-193b-3p","EXP00166","GSE30656","cervical cancer","cervical adenocarcinoma","cancer vs normal",-1.236561596,6.770324844,-5.899618877,4.11e-07,7.91e-06,5.71511998,"Homo sapiens","DOWN"
"MIR202","hsa-miR-202","hsa-miR-202-3p","EXP00195","GSE40525","breast cancer","ER negative","cancer vs normal",-1.266537502,8.701219982,-3.475115752,0.000716338,0.003499407,-1.532438774,"Homo sapiens","DOWN"
"MIR202","hsa-miR-202","hsa-miR-202-3p","EXP00190","GSE40525","breast cancer","","cancer vs normal",-1.271584643,8.701219982,-5.704395594,8.76e-08,6.81e-07,6.68774065,"Homo sapiens","DOWN"
"MIR202","hsa-miR-202","hsa-miR-202-3p","EXP00193","GSE40525","breast cancer","Luminal","cancer vs normal",-1.273088047,8.701219982,-5.289192511,5.84e-07,4.91e-06,4.895425349,"Homo sapiens","DOWN"
"MIR202","hsa-miR-202","hsa-miR-202-3p","EXP00194","GSE40525","breast cancer","ER positive","cancer vs normal",-1.273088047,8.701219982,-5.311327369,5.23e-07,4.4e-06,5.001469535,"Homo sapiens","DOWN"
"MIR193B","hsa-miR-193b","hsa-miR-193b-3p","EXP00205","GSE39486","brain cancer","glioma","cancer vs normal",-1.289942195,-1.048081925,-22.43652372,9.86e-07,1.87e-05,6.489971875,"Homo sapiens","DOWN"
"MIR202","hsa-miR-202","hsa-miR-202-3p","EXP00191","GSE40525","breast cancer","Basal-like","cancer vs normal",-1.31039537,8.701219982,-2.82517191,0.005562248,0.025292487,-3.202639523,"Homo sapiens","DOWN"
"MIR150","hsa-miR-150","hsa-miR-150-5p","EXP00031","GSE6188","esophageal cancer","","cancer vs normal",-1.312243155,11.41635098,-8.730511995,3.06e-16,4.49e-15,25.93406383,"Homo sapiens","DOWN"
"MIR339","hsa-miR-339","hsa-miR-339-5p","EXP00066","GSE13030","brain cancer","glioblastoma ","cancer vs normal",-1.324699394,-1.324699394,-3.801162718,0.000311823,0.00198212,-1.002628984,"Homo sapiens","DOWN"
"MIR202","hsa-miR-202","hsa-miR-202-3p","EXP00197","GSE40525","breast cancer","PR negative","cancer vs normal",-1.331590402,8.701219982,-4.676978698,7.85e-06,5.51e-05,2.539199748,"Homo sapiens","DOWN"
"MIR375","hsa-miR-375","hsa-miR-375","EXP00065","GSE13030","brain cancer","glioblastoma ","cancer vs normal",-1.344058578,-1.344058578,-4.243288609,5.13e-05,0.000290084,0.56909701,"Homo sapiens","DOWN"
"MIR150","hsa-miR-150","hsa-miR-150-5p","EXP00020","GSE2564","prostate cancer","","cancer vs normal",-1.346824383,6.381983331,-3.738905127,0.00023842,0.003554627,0.291725807,"Homo sapiens","DOWN"
"MIR193B","hsa-miR-193b","hsa-miR-193b-3p","EXP00274","GSE40807","thyroid cancer","","cancer vs normal",-1.369373111,5.285170691,-3.487867777,0.000799938,0.004874197,-0.974402316,"Homo sapiens","DOWN"
"MIR150","hsa-miR-150","hsa-miR-150-5p","EXP00134","GSE25820","pancreatic cancer","","cancer vs normal",-1.369711732,6.093678594,-3.089844814,0.006389638,0.020227552,-2.888408476,"Homo sapiens","DOWN"
"MIR375","hsa-miR-375","hsa-miR-375","EXP00090","GSE18392","colon cancer","","cancer vs normal",-1.391782663,13.08068825,-8.806099355,3.62e-15,6.07e-14,23.68652002,"Homo sapiens","DOWN"
"MIR375","hsa-miR-375","hsa-miR-375","EXP00092","GSE18392","colon cancer","","cancer vs normal",-1.411293832,13.08068825,-7.589218688,3.9e-12,7.3e-11,16.91442773,"Homo sapiens","DOWN"
"MIR339","hsa-miR-339","hsa-miR-339-5p","EXP00065","GSE13030","brain cancer","glioblastoma ","cancer vs normal",-1.415149008,-1.415149008,-4.910143301,3.79e-06,3.79e-05,3.087261695,"Homo sapiens","DOWN"
"MIR152","hsa-miR-152","hsa-miR-152-3p","EXP00311","GSE74190","lung cancer","small cell lung cancer","cancer vs normal",-1.416271252,1.942308707,-4.806786894,4.1e-06,2.2e-05,3.416908634,"Homo sapiens","DOWN"
"MIR193B","hsa-miR-193b","hsa-miR-193b-3p","EXP00230","GSE26595","gastric cancer","","cancer vs normal",-1.417876349,11.0516256,-4.785061879,9.39e-06,0.000160512,3.04246887,"Homo sapiens","DOWN"
"MIR193B","hsa-miR-193b","hsa-miR-193b-3p","EXP00175","GSE33743","gastric cancer","","cancer vs normal",-1.422480003,8.503465015,-3.614650844,0.000800933,0.010608589,-1.390817037,"Homo sapiens","DOWN"
"MIR150","hsa-miR-150","hsa-miR-150-5p","EXP00455","GSE53592","colon cancer","","cancer vs normal",-1.449413711,8.367329603,-5.077474853,0.000199742,0.003195875,0.402094595,"Homo sapiens","DOWN"
"MIR375","hsa-miR-375","hsa-miR-375","EXP00221","GSE36915","hepatocellular carcinoma","","cancer vs normal",-1.479586375,11.66965447,-3.296803365,0.001405668,0.005858103,-1.573289467,"Homo sapiens","DOWN"
"MIR146B","hsa-miR-146b","hsa-miR-146b-5p","EXP00066","GSE13030","brain cancer","glioblastoma ","cancer vs normal",-1.49505197,-1.49505197,-4.346787183,4.77e-05,0.000564387,0.801628918,"Homo sapiens","DOWN"
"MIR375","hsa-miR-375","hsa-miR-375","EXP00278","GSE41655","colorectal cancer","","cancer vs normal",-1.500119858,6.264654699,-4.320071017,3.55e-05,0.000335331,1.486465171,"Homo sapiens","DOWN"
"MIR152","hsa-miR-152","hsa-miR-152-3p","EXP00639","E_MTAB_408","prostate cancer","castration-resistant prostate cancer","cancer vs normal",-1.500804669,6.457792732,-6.781888421,1.14e-08,6.27e-07,9.724661253,"Homo sapiens","DOWN"
"MIR202","hsa-miR-202","hsa-miR-202-3p","EXP00189","GSE28423","sarcoma","osteosarcoma","cancer vs normal",-1.523155575,4.852620998,-4.388427225,0.000243651,0.001480333,-0.300790655,"Homo sapiens","DOWN"
"MIR193B","hsa-miR-193b","hsa-miR-193b-3p","EXP00632","E_MTAB_1067","ovarian cancer","","cancer vs normal",-1.526704725,6.12763958,-4.041614742,7.61e-05,0.000420446,0.997417183,"Homo sapiens","DOWN"
"MIR375","hsa-miR-375","hsa-miR-375","EXP00719","GSE63046","hepatocellular carcinoma","","cancer vs normal",-1.532615325,8.633873116,-2.729573735,0.008645616,0.036945239,-3.15555028,"Homo sapiens","DOWN"
"MIR375","hsa-miR-375","hsa-miR-375","EXP00091","GSE18392","colon cancer","","cancer vs normal",-1.539799266,13.08068825,-8.535996798,1.93e-14,3.76e-13,22.15454098,"Homo sapiens","DOWN"
"MIR152","hsa-miR-152","hsa-miR-152-3p","EXP00488","GSE104165","gallbladder carcinoma","","cancer vs normal",-1.544143045,6.165554481,-6.506477158,4.46e-08,3.53e-07,8.096564045,"Homo sapiens","DOWN"
"MIR146B","hsa-miR-146b","hsa-miR-146b-5p","EXP00065","GSE13030","brain cancer","glioblastoma ","cancer vs normal",-1.553322581,-1.553322581,-5.453007731,3.93e-07,7.3e-06,5.295867992,"Homo sapiens","DOWN"
"MIR375","hsa-miR-375","hsa-miR-375","EXP00272","GSE31277","head and neck cancer","","cancer vs normal",-1.560983009,9.913891165,-3.651917966,0.001002616,0.008267189,-1.003771758,"Homo sapiens","DOWN"
"MIR375","hsa-miR-375","hsa-miR-375","EXP00253","GSE35834","colon cancer","","cancer vs normal",-1.60819289,8.039282902,-3.573030784,0.000608381,0.006852897,-0.849790508,"Homo sapiens","DOWN"
"MIR375","hsa-miR-375","hsa-miR-375","EXP00730","GSE68085","breast cancer","triple negative","cancer vs normal",-1.622352856,10.57424705,-2.458858397,0.015385278,0.023366719,-4.279400316,"Homo sapiens","DOWN"
"MIR202","hsa-miR-202","hsa-miR-202-3p","EXP00312","GSE75630","tonsil cancer","","cancer vs normal",-1.62377888,-1.106552907,-7.321665169,2.36e-09,8.23e-08,11.20416246,"Homo sapiens","DOWN"
"MIR375","hsa-miR-375","hsa-miR-375","EXP00576","GSE147889","hepatocellular carcinoma","","cancer vs normal",-1.628398342,3.299139919,-8.663735768,1.8e-15,2.71e-13,24.62124597,"Homo sapiens","DOWN"
"MIR339","hsa-miR-339","hsa-miR-339-5p","EXP00067","GSE13030","brain cancer","glioblastoma ","cancer vs normal",-1.636248066,-1.636248066,-3.251554864,0.002986838,0.035200222,-2.650318977,"Homo sapiens","DOWN"
"MIR150","hsa-miR-150","hsa-miR-150-5p","EXP00214","GSE33568","small intestinal neuroendocrine tumor","","cancer vs normal",-1.653490815,6.093019873,-6.282101188,9e-06,0.001343622,3.781209629,"Homo sapiens","DOWN"
"MIR375","hsa-miR-375","hsa-miR-375","EXP00446","GSE70080","lung cancer","","cancer vs normal",-1.670862406,-2.260685871,-3.848864796,0.000302749,0.001393787,-0.297516495,"Homo sapiens","DOWN"
"MIR150","hsa-miR-150","hsa-miR-150-5p","EXP00048","GSE10259","colorectal cancer","Duke A","cancer vs normal",-1.673826592,8.519114795,-3.191419819,0.002203589,0.032589921,-1.745235846,"Homo sapiens","DOWN"
"MIR150","hsa-miR-150","hsa-miR-150-5p","EXP00117","GSE21362","hepatocellular carcinoma","","cancer vs normal",-1.693531304,6.877343771,-6.397197862,1.87e-09,9.42e-08,11.17251212,"Homo sapiens","DOWN"
"MIR146B","hsa-miR-146b","hsa-miR-146b-5p","EXP00067","GSE13030","brain cancer","glioblastoma ","cancer vs normal",-1.695761852,-1.695761852,-3.385653566,0.002118845,0.027898524,-2.321701567,"Homo sapiens","DOWN"
"MIR150","hsa-miR-150","hsa-miR-150-5p","EXP00447","GSE83924","colorectal cancer","","cancer vs normal",-1.700780543,10.52720192,-7.083911392,1.17e-08,1.67e-06,9.789283469,"Homo sapiens","DOWN"
"MIR202","hsa-miR-202","hsa-miR-202-3p","EXP00240","GSE45666","breast cancer","PR negative","cancer vs normal",-1.724592779,4.816821361,-3.511000189,0.000634416,0.001538143,-1.236564616,"Homo sapiens","DOWN"
"MIR150","hsa-miR-150","hsa-miR-150-5p","EXP00206","GSE33232","head and neck cancer","","cancer vs normal",-1.732727998,5.239352459,-6.06643742,5.86e-08,3.5e-06,8.106082907,"Homo sapiens","DOWN"
"MIR375","hsa-miR-375","hsa-miR-375","EXP00409","TCGA_LIHC","hepatocellular carcinoma","hepatocellular carcinoma","cancer vs normal",-1.736286002,10.58456543,-4.532244704,7.61e-06,5.67e-05,2.977225039,"Homo sapiens","DOWN"
"MIR202","hsa-miR-202","hsa-miR-202-3p","EXP00238","GSE45666","breast cancer","ER negative","cancer vs normal",-1.739376796,4.816821361,-3.470627065,0.000727314,0.001733738,-1.414234046,"Homo sapiens","DOWN"
"MIR152","hsa-miR-152","hsa-miR-152-3p","EXP00274","GSE40807","thyroid cancer","","cancer vs normal",-1.743391768,3.845280128,-2.584416015,0.011602443,0.047669467,-3.404638684,"Homo sapiens","DOWN"
"MIR202","hsa-miR-202","hsa-miR-202-3p","EXP00242","GSE45666","breast cancer","HER3+ negative","cancer vs normal",-1.764290611,4.816821361,-3.575892219,0.000508182,0.001298688,-0.934936404,"Homo sapiens","DOWN"
"MIR375","hsa-miR-375","hsa-miR-375","EXP00595","GSE163031","pancreatic cancer","pancreatic ductal adenocarcinoma","cancer vs normal",-1.808446925,11.13355178,-4.28679334,0.000572715,0.005351927,-0.623847861,"Homo sapiens","DOWN"
"MIR202","hsa-miR-202","hsa-miR-202-3p","EXP00804","GSE135189","brain cancer","pilocytic astrocytoma","cancer vs normal",-1.834584744,4.855583009,-3.675490916,0.000824864,0.00291952,-1.01645618,"Homo sapiens","DOWN"
"MIR202","hsa-miR-202","hsa-miR-202-3p","EXP00236","GSE45666","breast cancer","","cancer vs normal",-1.857344498,4.816821361,-3.91451762,0.000151297,0.000376472,0.157307431,"Homo sapiens","DOWN"
"MIR150","hsa-miR-150","hsa-miR-150-5p","EXP00029","GSE4589","breast cancer","","cancer vs normal",-1.869508889,-1.869508889,-5.12511509,1.71e-05,3.57e-05,2.666669407,"Homo sapiens","DOWN"
"MIR193B","hsa-miR-193b","hsa-miR-193b-3p","EXP00075","GSE16456","esophageal cancer","","cancer vs normal",-1.881167613,6.505335981,-4.104093499,0.000299167,0.002019543,0.15921505,"Homo sapiens","DOWN"
"MIR375","hsa-miR-375","hsa-miR-375","EXP00206","GSE33232","head and neck cancer","","cancer vs normal",-1.893757397,2.344585967,-5.184629719,1.98e-06,6.22e-05,4.751084217,"Homo sapiens","DOWN"
"MIR150","hsa-miR-150","hsa-miR-150-5p","EXP00018","GSE2564","breast cancer","","cancer vs normal",-1.896945927,6.381983331,-4.022044056,8.05e-05,0.002640635,1.123015248,"Homo sapiens","DOWN"
"MIR193B","hsa-miR-193b","hsa-miR-193b-3p","EXP00278","GSE41655","colorectal cancer","","cancer vs normal",-1.899094977,3.033558134,-6.418650333,4.04e-09,9.82e-08,10.29035715,"Homo sapiens","DOWN"
"MIR152","hsa-miR-152","hsa-miR-152-3p","EXP00160","GSE28955","pancreatic cancer","","cancer vs normal",-1.900625036,3.153993872,-5.152936164,2.91e-05,0.000171367,2.048511421,"Homo sapiens","DOWN"
"MIR150","hsa-miR-150","hsa-miR-150-5p","EXP00211","GSE19945","lung cancer","large cell neuroendocrine cancer","cancer vs normal",-1.938267422,2.418488919,-2.802979802,0.006783452,0.033636953,-3.030185691,"Homo sapiens","DOWN"
"MIR150","hsa-miR-150","hsa-miR-150-5p","EXP00032","GSE6636","prostate cancer","","cancer vs normal",-1.944490196,-1.944490196,-4.319733409,0.000340933,0.001058067,0.145485671,"Homo sapiens","DOWN"
"MIR150","hsa-miR-150","hsa-miR-150-5p","EXP00054","GSE11016","kidney cancer","Wilms tumor","cancer vs normal",-1.96027617,-1.96027617,-4.679635855,0.000313986,0.000642497,-0.178981671,"Homo sapiens","DOWN"
"MIR202","hsa-miR-202","hsa-miR-202-3p","EXP00237","GSE45666","breast cancer","ER positive","cancer vs normal",-2.008965848,4.816821361,-3.897824888,0.00016203,0.000388404,0.17641881,"Homo sapiens","DOWN"
"MIR152","hsa-miR-152","hsa-miR-152-3p","EXP00210","GSE19945","lung cancer","small cell lung cancer","cancer vs normal",-2.024563559,-1.683676253,-3.819419678,0.000316279,0.001773529,-0.385176908,"Homo sapiens","DOWN"
"MIR150","hsa-miR-150","hsa-miR-150-5p","EXP00277","GSE41655","colorectal cancer","","cancer vs normal",-2.02714348,4.496734629,-4.59441879,1.21e-05,0.000160902,2.643514394,"Homo sapiens","DOWN"
"MIR202","hsa-miR-202","hsa-miR-202-3p","EXP00241","GSE45666","breast cancer","HER2+ positive","cancer vs normal",-2.039894634,4.816821361,-3.815346565,0.000218624,0.000511125,-0.145336666,"Homo sapiens","DOWN"
"MIR193B","hsa-miR-193b","hsa-miR-193b-3p","EXP00135","GSE25820","pancreatic cancer","","cancer vs normal",-2.045698114,5.776985225,-2.663503107,0.015949009,0.034267952,-3.844735214,"Homo sapiens","DOWN"
"MIR375","hsa-miR-375","hsa-miR-375","EXP00296","GSE60978","pancreatic cancer","","cancer vs normal",-2.052019667,9.464407825,-2.791766785,0.006443475,0.037080508,-2.654154325,"Homo sapiens","DOWN"
"MIR202","hsa-miR-202","hsa-miR-202-3p","EXP00239","GSE45666","breast cancer","PR positive","cancer vs normal",-2.1288449,4.816821361,-3.975522237,0.00012179,0.000299546,0.46028507,"Homo sapiens","DOWN"
"MIR150","hsa-miR-150","hsa-miR-150-5p","EXP00310","GSE74190","lung cancer","lung squamous cell carcinoma","cancer vs normal",-2.180116845,5.869472139,-6.247977369,5.27e-09,4.48e-08,9.734384343,"Homo sapiens","DOWN"
"MIR375","hsa-miR-375","hsa-miR-375","EXP00453","GSE74618","hepatocellular carcinoma","hepatocellular carcinoma","cancer vs normal",-2.202917565,2.331908,-4.664940651,5.05e-06,0.000557544,3.77067971,"Homo sapiens","DOWN"
"MIR375","hsa-miR-375","hsa-miR-375","EXP00447","GSE83924","colorectal cancer","","cancer vs normal",-2.215166552,11.37744098,-4.759634179,2.36e-05,0.000664081,2.450375507,"Homo sapiens","DOWN"
"MIR152","hsa-miR-152","hsa-miR-152-3p","EXP00566","GSE131790","ovarian cancer","high grade serous papillary ovarian cancer","cancer vs normal",-2.217078947,2.96832,-4.05568022,0.000395702,0.005905855,-0.181493733,"Homo sapiens","DOWN"
"MIR152","hsa-miR-152","hsa-miR-152-3p","EXP00165","GSE35794","endometrial cancer","","cancer vs normal",-2.273699012,1.533336477,-4.021758982,0.000651575,0.038797139,-1.799629114,"Homo sapiens","DOWN"
"MIR202","hsa-miR-202","hsa-miR-202-3p","EXP00228","GSE29742","neuroendocrine neoplasia","","cancer vs normal",-2.281692449,7.600135634,-4.642912479,2.35e-05,0.001889562,2.496677512,"Homo sapiens","DOWN"
"MIR375","hsa-miR-375","hsa-miR-375","EXP00067","GSE13030","brain cancer","glioblastoma ","cancer vs normal",-2.283997737,-2.283997737,-3.864926845,0.000602636,0.012052713,-1.106400381,"Homo sapiens","DOWN"
"MIR375","hsa-miR-375","hsa-miR-375","EXP00117","GSE21362","hepatocellular carcinoma","","cancer vs normal",-2.325864661,4.931222204,-8.542643927,1.31e-14,2.24e-12,22.72634554,"Homo sapiens","DOWN"
"MIR193B","hsa-miR-193b","hsa-miR-193b-3p","EXP00112","GSE24996","melanoma","","cancer vs normal",-2.350630462,5.976184909,-4.954378343,2.16e-05,0.000335219,2.399950466,"Homo sapiens","DOWN"
"MIR150","hsa-miR-150","hsa-miR-150-5p","EXP00210","GSE19945","lung cancer","small cell lung cancer","cancer vs normal",-2.359293085,2.418488919,-4.045464727,0.000149567,0.000946609,0.32729936,"Homo sapiens","DOWN"
"MIR202","hsa-miR-202","hsa-miR-202-3p","EXP00227","GSE29742","neuroendocrine neoplasia","","cancer vs normal",-2.371530028,7.600135634,-5.56489241,9.17e-07,6.03e-05,5.528603054,"Homo sapiens","DOWN"
"MIR146B","hsa-miR-146b","hsa-miR-146b-5p","EXP00058","GSE11016","kidney cancer","Oncocytoma","cancer vs normal",-2.392031133,-2.392031133,-5.364966492,0.003147227,0.02218046,-1.685995621,"Homo sapiens","DOWN"
"MIR375","hsa-miR-375","hsa-miR-375","EXP00481","GSE81581","colorectal cancer","","cancer vs normal",-2.396954191,10.43940403,-3.573250782,0.000776212,0.012341057,-0.787513465,"Homo sapiens","DOWN"
"MIR375","hsa-miR-375","hsa-miR-375","EXP00134","GSE25820","pancreatic cancer","","cancer vs normal",-2.454442181,9.546875787,-4.202084826,0.000549195,0.002852617,-0.49333045,"Homo sapiens","DOWN"
"MIR150","hsa-miR-150","hsa-miR-150-5p","EXP00278","GSE41655","colorectal cancer","","cancer vs normal",-2.507393379,4.496734629,-6.119872299,1.63e-08,3.39e-07,8.925905691,"Homo sapiens","DOWN"
"MIR375","hsa-miR-375","hsa-miR-375","EXP00379","TCGA_LUSC","lung cancer","lung squamous cell carcinoma","cancer vs normal",-2.516524486,10.62974423,-9.05671081,2.68e-18,5.36e-17,30.37708326,"Homo sapiens","DOWN"
"MIR375","hsa-miR-375","hsa-miR-375","EXP00484","GSE71533","pancreatic cancer","","cancer vs normal",-2.582907871,9.508081269,-6.9256173,6.79e-10,6.38e-09,11.75950322,"Homo sapiens","DOWN"
"MIR375","hsa-miR-375","hsa-miR-375","EXP00131","GSE23739","gastric cancer","","cancer vs normal",-2.588156774,7.182818795,-6.010602869,4.53e-08,6.15e-07,8.156789732,"Homo sapiens","DOWN"
"MIR152","hsa-miR-152","hsa-miR-152-3p","EXP00032","GSE6636","prostate cancer","","cancer vs normal",-2.602176471,-2.602176471,-7.185274457,6.29e-07,9.44e-06,6.255941003,"Homo sapiens","DOWN"
"MIR150","hsa-miR-150","hsa-miR-150-5p","EXP00518","GSE103317","small intestinal neuroendocrine tumor","","cancer vs normal",-2.668348991,6.704213262,-9.065060046,1.84e-12,7.66e-11,17.97570327,"Homo sapiens","DOWN"
"MIR375","hsa-miR-375","hsa-miR-375","EXP00154","GSE35602","colorectal cancer","","cancer vs normal",-2.760063897,3.976050311,-3.873494703,0.000752162,0.033988333,-1.219613974,"Homo sapiens","DOWN"
"MIR375","hsa-miR-375","hsa-miR-375","EXP00566","GSE131790","ovarian cancer","high grade serous papillary ovarian cancer","cancer vs normal",-2.82952807,2.241992,-12.25371352,2.15e-12,1.29e-09,18.19008518,"Homo sapiens","DOWN"
"MIR150","hsa-miR-150","hsa-miR-150-5p","EXP00170","GSE32960","nasopharyngeal cancer","","cancer vs normal",-2.857783622,10.37236458,-13.42519039,3.75e-33,4.67e-31,64.55151473,"Homo sapiens","DOWN"
"MIR375","hsa-miR-375","hsa-miR-375","EXP00136","GSE25820","pancreatic cancer","","cancer vs normal",-2.900540265,9.546875787,-5.2670467,5.45e-05,0.000225972,1.711258674,"Homo sapiens","DOWN"
"MIR375","hsa-miR-375","hsa-miR-375","EXP00249","GSE43796","pancreatic cancer","pancreatic ductal adenocarcinoma","cancer vs normal",-2.934027643,9.133132401,-3.498577703,0.001589866,0.030713081,-1.323006545,"Homo sapiens","DOWN"
"MIR150","hsa-miR-150","hsa-miR-150-5p","EXP00274","GSE40807","thyroid cancer","","cancer vs normal",-2.964589681,5.233937282,-3.900929531,0.000200598,0.001602554,0.313555238,"Homo sapiens","DOWN"
"MIR375","hsa-miR-375","hsa-miR-375","EXP00286","GSE51853","lung cancer","lung squamous cell carcinoma","cancer vs normal",-2.993308168,-0.268094468,-3.308806368,0.001222807,0.013061801,-2.024254899,"Homo sapiens","DOWN"
"MIR375","hsa-miR-375","hsa-miR-375","EXP00310","GSE74190","lung cancer","lung squamous cell carcinoma","cancer vs normal",-3.116142246,4.810474629,-9.032045338,1.75e-15,3.24e-14,24.44712685,"Homo sapiens","DOWN"
"MIR375","hsa-miR-375","hsa-miR-375","EXP00391","TCGA_READ","colorectal cancer","rectum adenocarcinoma","cancer vs normal",-3.222369343,14.02697882,-4.305011143,2.87e-05,0.000132793,1.501423904,"Homo sapiens","DOWN"
"MIR375","hsa-miR-375","hsa-miR-375","EXP00423","TCGA_ESCA","esophageal cancer","esophageal carcinoma","cancer vs normal",-3.240426878,11.0265473,-3.732628768,0.000248092,0.002762174,0.116306058,"Homo sapiens","DOWN"
"MIR375","hsa-miR-375","hsa-miR-375","EXP00031","GSE6188","esophageal cancer","","cancer vs normal",-3.242070746,8.988549266,-15.56782468,4.01e-39,5.9e-37,78.21711098,"Homo sapiens","DOWN"
"MIR375","hsa-miR-375","hsa-miR-375","EXP00277","GSE41655","colorectal cancer","","cancer vs normal",-3.45136585,6.264654699,-9.229584049,3.23e-15,4.59e-13,24.15463218,"Homo sapiens","DOWN"
"MIR193B","hsa-miR-193b","hsa-miR-193b-3p","EXP00228","GSE29742","neuroendocrine neoplasia","","cancer vs normal",-3.488624587,8.392327139,-6.050416051,1.58e-07,2.85e-05,7.237344784,"Homo sapiens","DOWN"
"MIR375","hsa-miR-375","hsa-miR-375","EXP00060","GSE11163","head and neck cancer","HPV positive","cancer vs normal",-3.594291004,3.843675351,-4.371241722,0.000157241,0.022590694,0.948814129,"Homo sapiens","DOWN"
"MIR150","hsa-miR-150","hsa-miR-150-5p","EXP00457","GSE82064","oropharyngeal squamous cell carcinoma","","cancer vs normal",-3.616240515,8.733471496,-5.543498495,2.68e-07,1.85e-05,6.161753039,"Homo sapiens","DOWN"
"MIR375","hsa-miR-375","hsa-miR-375","EXP00387","TCGA_COAD","colon cancer","colon adenocarcinoma","cancer vs normal",-3.73271838,14.21983702,-8.58297896,1.51e-16,1.32e-15,26.52506884,"Homo sapiens","DOWN"
"MIR193B","hsa-miR-193b","hsa-miR-193b-3p","EXP00227","GSE29742","neuroendocrine neoplasia","","cancer vs normal",-3.903250272,8.392327139,-7.80642431,2.5e-10,9.04e-08,13.41552489,"Homo sapiens","DOWN"
"MIR375","hsa-miR-375","hsa-miR-375","EXP00393","TCGA_HNSC","head and neck cancer","head and neck squamous cell carcinoma","cancer vs normal",-3.98869019,8.519941746,-12.65752529,1.62e-32,1.84e-30,62.99845929,"Homo sapiens","DOWN"
"MIR375","hsa-miR-375","hsa-miR-375","EXP00281","GSE45238","oral squamous cell carcinoma","","cancer vs normal",-4.013576345,9.974347665,-10.78671901,2.8e-17,2.37e-15,28.86895819,"Homo sapiens","DOWN"
"MIR375","hsa-miR-375","hsa-miR-375","EXP00059","GSE11163","head and neck cancer","","cancer vs normal",-4.03439198,3.843675351,-7.047495962,9.95e-08,3.26e-05,7.859263994,"Homo sapiens","DOWN"
"MIR375","hsa-miR-375","hsa-miR-375","EXP00061","GSE11163","head and neck cancer","HPV negative","cancer vs normal",-4.135953744,3.843675351,-6.98050833,1.45e-07,4.76e-05,7.512441567,"Homo sapiens","DOWN"
"MIR375","hsa-miR-375","hsa-miR-375","EXP00177","GSE28100","oral squamous cell carcinoma","","cancer vs normal",-4.330038493,1.696708122,-3.80566331,0.000784751,0.017908712,-0.661006199,"Homo sapiens","DOWN"
"MIR375","hsa-miR-375","hsa-miR-375","EXP00135","GSE25820","pancreatic cancer","","cancer vs normal",-4.675925553,9.546875787,-8.005336595,2.66e-07,4.76e-06,7.079225444,"Homo sapiens","DOWN"
"MIR375","hsa-miR-375","hsa-miR-375","EXP00250","GSE43796","pancreatic cancer","Solid-pseudopapillary neoplasm of pancreas","cancer vs normal",-4.759599156,9.133132401,-6.315019969,8.05e-07,3.88e-05,5.787579806,"Homo sapiens","DOWN"
"MIR375","hsa-miR-375","hsa-miR-375","EXP00115","GSE20077","hepatocellular carcinoma","","cancer vs normal",-4.833049214,1.667130841,-18.52358466,2.55e-08,1.84e-05,9.388725128,"Homo sapiens","DOWN"
"MIR375","hsa-miR-375","hsa-miR-375","EXP00572","GSE140719","pancreatic cancer","solid pseudopapillary neoplasm of pancreas","cancer vs normal",-4.958047772,5.45640465,-3.608361906,0.004227534,0.046841073,-2.481621339,"Homo sapiens","DOWN"
"MIR202","hsa-miR-202","hsa-miR-202-3p","EXP00260","GSE47841","ovarian cancer","high-grade serous ovarian carcinoma","cancer vs normal",-4.970192352,7.4641576,-5.597538239,5e-06,8.36e-05,3.818436764,"Homo sapiens","DOWN"
"MIR375","hsa-miR-375","hsa-miR-375","EXP00734","GSE49279","adrenocortical cancer","","cancer vs normal",-5.059920042,3.639182255,-4.824085502,6.68e-06,0.002021542,3.660770116,"Homo sapiens","DOWN"
"MIR146B","hsa-miR-146b","hsa-miR-146b-5p","EXP00160","GSE28955","pancreatic cancer","","cancer vs normal",-5.475864489,2.746899042,-16.01160028,3.17e-14,5.04e-12,22.60828954,"Homo sapiens","DOWN"
"MIR375","hsa-miR-375","hsa-miR-375","EXP00315","GSE77380","colorectal cancer","","cancer vs normal",-5.921668548,9.059016175,-3.256791125,0.001561572,0.038391249,-1.496563979,"Homo sapiens","DOWN"
"MIR202","hsa-miR-202","hsa-miR-202-3p","EXP00316","GSE77380","gastric cancer","","cancer vs normal",-6.226984141,-1.964748773,-3.671500074,0.000397834,0.015939891,-0.158320725,"Homo sapiens","DOWN"
"MIR375","hsa-miR-375","hsa-miR-375","EXP00563","GSE108724","hepatocellular carcinoma","","cancer vs normal",-6.322939962,-0.038494379,-7.833613956,4.51e-06,0.006961376,-29.56305552,"Homo sapiens","DOWN"
"MIR150","hsa-miR-150","hsa-miR-150-5p","EXP00189","GSE28423","sarcoma","osteosarcoma","cancer vs normal",-6.527100392,2.436086394,-10.88382073,3.22e-10,1.22e-08,13.43262197,"Homo sapiens","DOWN"
"MIR152","hsa-miR-152","hsa-miR-152-3p","EXP00231","GSE40355","bladder cancer","","cancer vs normal",-7.103072917,-6.955355903,-7.120685877,3.55e-07,6.71e-06,5.996439837,"Homo sapiens","DOWN"
"MIR375","hsa-miR-375","hsa-miR-375","EXP00568","GSE124566","head and neck cancer","head and neck squamous cell carcinoma","cancer vs normal",-8.2887,1.83775,-9.223265327,2.52e-08,8.42e-06,7.706100762,"Homo sapiens","DOWN"
"MIR375","hsa-miR-375","hsa-miR-375","EXP00160","GSE28955","pancreatic cancer","","cancer vs normal",-9.380430947,4.239997973,-13.13325297,2.21e-12,8.79e-11,18.45114377,"Homo sapiens","DOWN"
"MIR375","hsa-miR-375","hsa-miR-375","EXP00268","GSE54397","gastric cancer","","cancer vs normal",-1072.743322,915.8951056,-6.470961654,3.45e-07,0.00041572,2.95008914,"Homo sapiens","DOWN"
"MIR375","hsa-miR-375","hsa-miR-375","EXP00270","GSE54397","gastric cancer","H. Pylori negative gastric cancer","cancer vs normal",-1142.875659,915.8951056,-4.728241084,5.57e-05,0.006715918,-1.009483665,"Homo sapiens","DOWN"
